{"cameraMode":{"drawMode":0,"name":"Shaded","section":"Shading Mode"},"sceneLighting":false,"audioPlay":false,"sceneViewState":{"showFog":true,"showMaterialUpdate":false,"showSkybox":false,"showFlares":true,"showImageEffects":true,"showParticleSystems":true},"in2DMode":false,"pivot":{"x":-0.31917351484298708,"y":0.19348862767219544,"z":-0.3107290267944336},"rotation":{"x":-0.07952813804149628,"y":0.9198015332221985,"z":-0.28938254714012148,"w":-0.2527800500392914},"size":25.105653762817384,"orthographic":false}